name,members,difficulty,length,qp,prereqQuests,additional,questPoints,enemy,combat,attack,defence,strength,hitpoints,ranged,prayer,magic,cooking,woodcutting,fletching,fishing,firemaking,crafting,smithing,mining,herblore,agility,thieving,slayer,farming,runecraft,hunter,construction,QuestRequirement
A_SOULS_BANE,MEMBERS,NOVICE,MEDIUM,1,new Quest[] {},new String[] {},0,45,0,0,0,0,0,0,0,0,0,0,0,0,0,0,0,0,0,0,0,0,0,0,0,0,"A_SOULS_BANE.questRequirement.initReq(new Quest[] {}, new String[] {}, 0, 45, 0, 0, 0, 0, 0, 0, 0, 0, 0, 0, 0, 0, 0, 0, 0, 0, 0, 0, 0, 0, 0, 0, 0, 0);"
A_TAIL_OF_TWO_CATS,MEMBERS,INTERMEDIATE,LONG,2,new Quest[] {Quest.ICTHLARINS_LITTLE_HELPER},new String[] {},0,0,0,0,0,0,0,0,0,0,0,0,0,0,0,0,0,0,0,0,0,0,0,0,0,0,"A_TAIL_OF_TWO_CATS.questRequirement.initReq(new Quest[] {Quest.ICTHLARINS_LITTLE_HELPER}, new String[] {}, 0, 0, 0, 0, 0, 0, 0, 0, 0, 0, 0, 0, 0, 0, 0, 0, 0, 0, 0, 0, 0, 0, 0, 0, 0, 0);"
ALFRED_GRIMHANDS_BARCRAWL,MINIQUEST,NOVICE,MEDIUM,0,new Quest[] {},new String[] {},0,0,0,0,0,0,0,0,0,0,0,0,0,0,0,0,0,0,0,0,0,0,0,0,0,0,"ALFRED_GRIMHANDS_BARCRAWL.questRequirement.initReq(new Quest[] {}, new String[] {}, 0, 0, 0, 0, 0, 0, 0, 0, 0, 0, 0, 0, 0, 0, 0, 0, 0, 0, 0, 0, 0, 0, 0, 0, 0, 0);"
ANIMAL_MAGNETISM,MEMBERS,INTERMEDIATE,MEDIUM,1,"new Quest[] {Quest.THE_RESTLESS_GHOST, Quest.ERNEST_THE_CHICKEN, Quest.PRIEST_IN_PERIL}",new String[] {},0,0,0,0,0,0,0,30,0,0,0,35,0,0,0,19,0,0,0,0,0,18,0,0,0,0,"ANIMAL_MAGNETISM.questRequirement.initReq(new Quest[] {Quest.THE_RESTLESS_GHOST, Quest.ERNEST_THE_CHICKEN, Quest.PRIEST_IN_PERIL}, new String[] {}, 0, 0, 0, 0, 0, 0, 0, 30, 0, 0, 0, 35, 0, 0, 0, 19, 0, 0, 0, 0, 0, 18, 0, 0, 0, 0);"
ANOTHER_SLICE_OF_HAM,MEMBERS,INTERMEDIATE,MEDIUM,1,"new Quest[] {Quest.DEATH_TO_THE_DORGESHUUN, Quest.THE_DIG_SITE, Quest.THE_GIANT_DWARF}",new String[] {},0,64,0,15,0,0,0,0,25,0,0,0,0,0,0,0,0,0,0,0,0,0,0,0,0,0,"ANOTHER_SLICE_OF_HAM.questRequirement.initReq(new Quest[] {Quest.DEATH_TO_THE_DORGESHUUN, Quest.THE_DIG_SITE, Quest.THE_GIANT_DWARF}, new String[] {}, 0, 64, 0, 15, 0, 0, 0, 0, 25, 0, 0, 0, 0, 0, 0, 0, 0, 0, 0, 0, 0, 0, 0, 0, 0, 0);"
ARCHITECTURAL_ALLIANCE,MINIQUEST,EXPERIENCED,VERY_LONG,0,new Quest[] {},new String[] {},0,0,0,0,0,0,0,0,0,0,0,0,0,0,0,30,0,42,0,0,0,0,0,0,0,0,"ARCHITECTURAL_ALLIANCE.questRequirement.initReq(new Quest[] {}, new String[] {}, 0, 0, 0, 0, 0, 0, 0, 0, 0, 0, 0, 0, 0, 0, 0, 30, 0, 42, 0, 0, 0, 0, 0, 0, 0, 0);"
BEAR_YOUR_SOUL,MINIQUEST,INTERMEDIATE,LONG,0,new Quest[] {},new String[] {},0,0,0,0,0,0,0,0,0,0,0,0,0,0,0,0,0,0,0,0,0,0,0,0,0,0,"BEAR_YOUR_SOUL.questRequirement.initReq(new Quest[] {}, new String[] {}, 0, 0, 0, 0, 0, 0, 0, 0, 0, 0, 0, 0, 0, 0, 0, 0, 0, 0, 0, 0, 0, 0, 0, 0, 0, 0);"
BETWEEN_A_ROCK,MEMBERS,EXPERIENCED,MEDIUM,2,"new Quest[] {Quest.FISHING_CONTEST, Quest.DWARF_CANNON}",new String[] {},0,75,0,0,30,0,0,0,0,0,0,0,0,0,0,0,50,40,0,0,0,0,0,0,0,0,"BETWEEN_A_ROCK.questRequirement.initReq(new Quest[] {Quest.FISHING_CONTEST, Quest.DWARF_CANNON}, new String[] {}, 0, 75, 0, 0, 30, 0, 0, 0, 0, 0, 0, 0, 0, 0, 0, 0, 50, 40, 0, 0, 0, 0, 0, 0, 0, 0);"
BIG_CHOMPY_BIRD_HUNTING,MEMBERS,INTERMEDIATE,SHORT,2,new Quest[] {},new String[] {},0,0,0,0,0,0,0,30,0,0,30,0,5,0,0,0,0,0,0,0,0,0,0,0,0,0,"BIG_CHOMPY_BIRD_HUNTING.questRequirement.initReq(new Quest[] {}, new String[] {}, 0, 0, 0, 0, 0, 0, 0, 30, 0, 0, 30, 0, 5, 0, 0, 0, 0, 0, 0, 0, 0, 0, 0, 0, 0, 0);"
BIOHAZARD,MEMBERS,NOVICE,MEDIUM,3,new Quest[] {Quest.PLAGUE_CITY},new String[] {},0,13,0,0,0,0,0,0,0,0,0,0,0,0,0,0,0,0,0,0,0,0,0,0,0,0,"BIOHAZARD.questRequirement.initReq(new Quest[] {Quest.PLAGUE_CITY}, new String[] {}, 0, 13, 0, 0, 0, 0, 0, 0, 0, 0, 0, 0, 0, 0, 0, 0, 0, 0, 0, 0, 0, 0, 0, 0, 0, 0);"
BLACK_KNIGHTS_FORTRESS,FREE,NOVICE,SHORT,3,new Quest[] {},new String[] {},12,0,0,0,0,0,0,0,0,0,0,0,0,0,0,0,0,0,0,0,0,0,0,0,0,0,"BLACK_KNIGHTS_FORTRESS.questRequirement.initReq(new Quest[] {}, new String[] {}, 12, 0, 0, 0, 0, 0, 0, 0, 0, 0, 0, 0, 0, 0, 0, 0, 0, 0, 0, 0, 0, 0, 0, 0, 0, 0);"
BONE_VOYAGE,MEMBERS,INTERMEDIATE,SHORT,1,new Quest[] {Quest.THE_DIG_SITE},"new String[] {""100 Kudos""}",0,0,0,0,0,0,0,0,0,0,0,0,0,0,0,0,0,0,0,0,0,0,0,0,0,0,"BONE_VOYAGE.questRequirement.initReq(new Quest[] {Quest.THE_DIG_SITE}, new String[] {""100 Kudos""}, 0, 0, 0, 0, 0, 0, 0, 0, 0, 0, 0, 0, 0, 0, 0, 0, 0, 0, 0, 0, 0, 0, 0, 0, 0, 0);"
CABIN_FEVER,MEMBERS,EXPERIENCED,MEDIUM,2,"new Quest[] {Quest.RUM_DEAL, Quest.PIRATES_TREASURE}",new String[] {},0,0,0,0,0,0,0,40,0,0,0,0,0,0,0,45,50,0,0,42,0,0,0,0,0,0,"CABIN_FEVER.questRequirement.initReq(new Quest[] {Quest.RUM_DEAL, Quest.PIRATES_TREASURE}, new String[] {}, 0, 0, 0, 0, 0, 0, 0, 40, 0, 0, 0, 0, 0, 0, 0, 45, 50, 0, 0, 42, 0, 0, 0, 0, 0, 0);"
CLIENT_OF_KOUREND,MEMBERS,NOVICE,MEDIUM,1,new Quest[] {},new String[] {},0,0,0,0,0,0,0,0,0,0,0,0,0,0,0,0,0,0,0,0,0,0,0,0,0,0,"CLIENT_OF_KOUREND.questRequirement.initReq(new Quest[] {}, new String[] {}, 0, 0, 0, 0, 0, 0, 0, 0, 0, 0, 0, 0, 0, 0, 0, 0, 0, 0, 0, 0, 0, 0, 0, 0, 0, 0);"
CLOCK_TOWER,MEMBERS,NOVICE,SHORT,1,new Quest[] {},new String[] {},0,0,0,0,0,0,0,0,0,0,0,0,0,0,0,0,0,0,0,0,0,0,0,0,0,0,"CLOCK_TOWER.questRequirement.initReq(new Quest[] {}, new String[] {}, 0, 0, 0, 0, 0, 0, 0, 0, 0, 0, 0, 0, 0, 0, 0, 0, 0, 0, 0, 0, 0, 0, 0, 0, 0, 0);"
COLD_WAR,MEMBERS,INTERMEDIATE,LONG,1,new Quest[] {},new String[] {},0,51,0,0,0,0,0,0,0,0,0,0,0,0,0,30,0,0,0,30,0,0,0,0,10,34,"COLD_WAR.questRequirement.initReq(new Quest[] {}, new String[] {}, 0, 51, 0, 0, 0, 0, 0, 0, 0, 0, 0, 0, 0, 0, 0, 30, 0, 0, 0, 30, 0, 0, 0, 0, 10, 34);"
CONTACT,MEMBERS,MASTER,MEDIUM,1,"new Quest[] {Quest.GERTRUDES_CAT, Quest.ICTHLARINS_LITTLE_HELPER, Quest.PRINCE_ALI_RESCUE}",new String[] {},0,191,0,0,0,0,0,0,0,0,0,0,0,0,0,0,0,0,0,0,0,0,0,0,0,0,"CONTACT.questRequirement.initReq(new Quest[] {Quest.GERTRUDES_CAT, Quest.ICTHLARINS_LITTLE_HELPER, Quest.PRINCE_ALI_RESCUE}, new String[] {}, 0, 191, 0, 0, 0, 0, 0, 0, 0, 0, 0, 0, 0, 0, 0, 0, 0, 0, 0, 0, 0, 0, 0, 0, 0, 0);"
COOKS_ASSISTANT,FREE,NOVICE,SHORT,1,new Quest[] {},new String[] {},0,0,0,0,0,0,0,0,0,0,0,0,0,0,0,0,0,0,0,0,0,0,0,0,0,0,"COOKS_ASSISTANT.questRequirement.initReq(new Quest[] {}, new String[] {}, 0, 0, 0, 0, 0, 0, 0, 0, 0, 0, 0, 0, 0, 0, 0, 0, 0, 0, 0, 0, 0, 0, 0, 0, 0, 0);"
CREATURE_OF_FENKENSTRAIN,MEMBERS,INTERMEDIATE,MEDIUM,2,"new Quest[] {Quest.PRIEST_IN_PERIL, Quest.THE_RESTLESS_GHOST}",new String[] {},0,51,0,0,0,0,0,0,0,0,0,0,0,0,0,20,0,0,0,0,25,0,0,0,0,0,"CREATURE_OF_FENKENSTRAIN.questRequirement.initReq(new Quest[] {Quest.PRIEST_IN_PERIL, Quest.THE_RESTLESS_GHOST}, new String[] {}, 0, 51, 0, 0, 0, 0, 0, 0, 0, 0, 0, 0, 0, 0, 0, 20, 0, 0, 0, 0, 25, 0, 0, 0, 0, 0);"
CURSE_OF_THE_EMPTY_LORD,MINIQUEST,INTERMEDIATE,MEDIUM,0,new Quest[] {Quest.THE_RESTLESS_GHOST},new String[] {},0,0,0,0,0,0,0,0,0,0,0,0,0,0,0,0,0,0,0,0,0,0,0,0,0,0,"CURSE_OF_THE_EMPTY_LORD.questRequirement.initReq(new Quest[] {Quest.THE_RESTLESS_GHOST}, new String[] {}, 0, 0, 0, 0, 0, 0, 0, 0, 0, 0, 0, 0, 0, 0, 0, 0, 0, 0, 0, 0, 0, 0, 0, 0, 0, 0);"
DARKNESS_OF_HALLOWVALE,MEMBERS,INTERMEDIATE,VERY_LONG,2,new Quest[] {Quest.IN_AID_OF_THE_MYREQUE},new String[] {},0,0,0,0,0,40,0,0,0,33,0,0,0,0,0,32,0,20,0,26,22,0,0,0,0,5,"DARKNESS_OF_HALLOWVALE.questRequirement.initReq(new Quest[] {Quest.IN_AID_OF_THE_MYREQUE}, new String[] {}, 0, 0, 0, 0, 0, 40, 0, 0, 0, 33, 0, 0, 0, 0, 0, 32, 0, 20, 0, 26, 22, 0, 0, 0, 0, 5);"
DEATH_PLATEAU,MEMBERS,NOVICE,MEDIUM,1,new Quest[] {},new String[] {},0,0,0,0,0,0,0,0,0,0,0,0,0,0,0,0,0,0,0,0,0,0,0,0,0,0,"DEATH_PLATEAU.questRequirement.initReq(new Quest[] {}, new String[] {}, 0, 0, 0, 0, 0, 0, 0, 0, 0, 0, 0, 0, 0, 0, 0, 0, 0, 0, 0, 0, 0, 0, 0, 0, 0, 0);"
DEATH_TO_THE_DORGESHUUN,MEMBERS,INTERMEDIATE,MEDIUM,1,new Quest[] {Quest.THE_LOST_TRIBE},new String[] {},0,50,0,0,0,0,0,0,0,0,0,0,0,0,0,0,0,0,0,23,23,0,0,0,0,0,"DEATH_TO_THE_DORGESHUUN.questRequirement.initReq(new Quest[] {Quest.THE_LOST_TRIBE}, new String[] {}, 0, 50, 0, 0, 0, 0, 0, 0, 0, 0, 0, 0, 0, 0, 0, 0, 0, 0, 0, 23, 23, 0, 0, 0, 0, 0);"
DEMON_SLAYER,FREE,NOVICE,MEDIUM,3,new Quest[] {},new String[] {},0,27,0,0,0,0,0,0,0,0,0,0,0,0,0,0,0,0,0,0,0,0,0,0,0,0,"DEMON_SLAYER.questRequirement.initReq(new Quest[] {}, new String[] {}, 0, 27, 0, 0, 0, 0, 0, 0, 0, 0, 0, 0, 0, 0, 0, 0, 0, 0, 0, 0, 0, 0, 0, 0, 0, 0);"
DESERT_TREASURE,MEMBERS,MASTER,LONG,3,"new Quest[] {Quest.THE_DIG_SITE, Quest.THE_TOURIST_TRAP, Quest.TEMPLE_OF_IKOV, Quest.PRIEST_IN_PERIL, Quest.WATERFALL_QUEST, Quest.TROLL_STRONGHOLD}",new String[] {},0,174,0,0,0,0,0,0,0,50,0,0,0,0,50,0,0,0,0,0,53,10,0,0,0,0,"DESERT_TREASURE.questRequirement.initReq(new Quest[] {Quest.THE_DIG_SITE, Quest.THE_TOURIST_TRAP, Quest.TEMPLE_OF_IKOV, Quest.PRIEST_IN_PERIL, Quest.WATERFALL_QUEST, Quest.TROLL_STRONGHOLD}, new String[] {}, 0, 174, 0, 0, 0, 0, 0, 0, 0, 50, 0, 0, 0, 0, 50, 0, 0, 0, 0, 0, 53, 10, 0, 0, 0, 0);"
DEVIOUS_MINDS,MEMBERS,EXPERIENCED,SHORT,1,"new Quest[] {Quest.DORICS_QUEST, Quest.TROLL_STRONGHOLD, Quest.WANTED, Quest.RECRUITMENT_DRIVE}",new String[] {},0,0,0,0,0,0,0,0,0,0,0,0,50,0,0,0,65,0,0,0,0,0,0,50,0,0,"DEVIOUS_MINDS.questRequirement.initReq(new Quest[] {Quest.DORICS_QUEST, Quest.TROLL_STRONGHOLD, Quest.WANTED, Quest.RECRUITMENT_DRIVE}, new String[] {}, 0, 0, 0, 0, 0, 0, 0, 0, 0, 0, 0, 0, 50, 0, 0, 0, 65, 0, 0, 0, 0, 0, 0, 50, 0, 0);"
DORICS_QUEST,FREE,NOVICE,SHORT,1,new Quest[] {},new String[] {},0,0,0,0,0,0,0,0,0,0,0,0,0,0,0,0,0,0,0,0,0,0,0,0,0,0,"DORICS_QUEST.questRequirement.initReq(new Quest[] {}, new String[] {}, 0, 0, 0, 0, 0, 0, 0, 0, 0, 0, 0, 0, 0, 0, 0, 0, 0, 0, 0, 0, 0, 0, 0, 0, 0, 0);"
DRAGON_SLAYER,FREE,EXPERIENCED,LONG,2,new Quest[] {},new String[] {},32,83,0,0,0,0,0,0,0,0,0,0,0,0,0,0,0,0,0,0,0,0,0,0,0,0,"DRAGON_SLAYER.questRequirement.initReq(new Quest[] {}, new String[] {}, 32, 83, 0, 0, 0, 0, 0, 0, 0, 0, 0, 0, 0, 0, 0, 0, 0, 0, 0, 0, 0, 0, 0, 0, 0, 0);"
DRAGON_SLAYER_II,MEMBERS,GRANDMASTER,VERY_LONG,5,"new Quest[] {Quest.LEGENDS_QUEST, Quest.DREAM_MENTOR, Quest.A_TAIL_OF_TWO_CATS, Quest.ANIMAL_MAGNETISM, Quest.GHOSTS_AHOY, Quest.BONE_VOYAGE, Quest.CLIENT_OF_KOUREND}",new String[] {},200,608,0,0,0,0,50,0,0,75,0,0,0,0,0,62,70,68,0,60,60,0,0,0,0,50,"DRAGON_SLAYER_II.questRequirement.initReq(new Quest[] {Quest.LEGENDS_QUEST, Quest.DREAM_MENTOR, Quest.A_TAIL_OF_TWO_CATS, Quest.ANIMAL_MAGNETISM, Quest.GHOSTS_AHOY, Quest.BONE_VOYAGE, Quest.CLIENT_OF_KOUREND}, new String[] {}, 200, 608, 0, 0, 0, 0, 50, 0, 0, 75, 0, 0, 0, 0, 0, 62, 70, 68, 0, 60, 60, 0, 0, 0, 0, 50);"
DREAM_MENTOR,MEMBERS,MASTER,MEDIUM,2,"new Quest[] {Quest.LUNAR_DIPLOMACY, Quest.EADGARS_RUSE}",new String[] {},0,343,85,0,0,0,0,0,0,0,0,0,0,0,0,0,0,0,0,0,0,0,0,0,0,0,"DREAM_MENTOR.questRequirement.initReq(new Quest[] {Quest.LUNAR_DIPLOMACY, Quest.EADGARS_RUSE}, new String[] {}, 0, 343, 85, 0, 0, 0, 0, 0, 0, 0, 0, 0, 0, 0, 0, 0, 0, 0, 0, 0, 0, 0, 0, 0, 0, 0);"
DRUIDIC_RITUAL,MEMBERS,NOVICE,SHORT,4,new Quest[] {},new String[] {},0,0,0,0,0,0,0,0,0,0,0,0,0,0,0,0,0,0,0,0,0,0,0,0,0,0,"DRUIDIC_RITUAL.questRequirement.initReq(new Quest[] {}, new String[] {}, 0, 0, 0, 0, 0, 0, 0, 0, 0, 0, 0, 0, 0, 0, 0, 0, 0, 0, 0, 0, 0, 0, 0, 0, 0, 0);"
DWARF_CANNON,MEMBERS,NOVICE,SHORT,1,new Quest[] {},new String[] {},0,0,0,0,0,0,0,0,0,0,0,0,0,0,0,0,0,0,0,0,0,0,0,0,0,0,"DWARF_CANNON.questRequirement.initReq(new Quest[] {}, new String[] {}, 0, 0, 0, 0, 0, 0, 0, 0, 0, 0, 0, 0, 0, 0, 0, 0, 0, 0, 0, 0, 0, 0, 0, 0, 0, 0);"
EADGARS_RUSE,MEMBERS,EXPERIENCED,LONG,1,new Quest[] {Quest.DRUIDIC_RITUAL},new String[] {},0,0,0,0,0,0,0,0,0,0,0,0,0,0,0,0,0,0,31,0,0,0,0,0,0,0,"EADGARS_RUSE.questRequirement.initReq(new Quest[] {Quest.DRUIDIC_RITUAL}, new String[] {}, 0, 0, 0, 0, 0, 0, 0, 0, 0, 0, 0, 0, 0, 0, 0, 0, 0, 0, 31, 0, 0, 0, 0, 0, 0, 0);"
EAGLES_PEAK,MEMBERS,NOVICE,MEDIUM,2,new Quest[] {},new String[] {},0,13,0,0,0,0,0,0,0,0,0,0,0,0,0,0,0,0,0,0,0,0,0,0,27,0,"EAGLES_PEAK.questRequirement.initReq(new Quest[] {}, new String[] {}, 0, 13, 0, 0, 0, 0, 0, 0, 0, 0, 0, 0, 0, 0, 0, 0, 0, 0, 0, 0, 0, 0, 0, 0, 27, 0);"
ELEMENTAL_WORKSHOP_I,MEMBERS,NOVICE,SHORT,1,new Quest[] {},new String[] {},0,35,0,0,0,0,0,0,0,0,0,0,0,0,0,20,20,20,0,0,0,0,0,0,0,0,"ELEMENTAL_WORKSHOP_I.questRequirement.initReq(new Quest[] {}, new String[] {}, 0, 35, 0, 0, 0, 0, 0, 0, 0, 0, 0, 0, 0, 0, 0, 20, 20, 20, 0, 0, 0, 0, 0, 0, 0, 0);"
ELEMENTAL_WORKSHOP_II,MEMBERS,INTERMEDIATE,MEDIUM,1,new Quest[] {Quest.ELEMENTAL_WORKSHOP_I},new String[] {},0,35,0,0,0,0,0,0,0,20,0,0,0,0,0,0,30,0,0,0,0,0,0,0,0,0,"ELEMENTAL_WORKSHOP_II.questRequirement.initReq(new Quest[] {Quest.ELEMENTAL_WORKSHOP_I}, new String[] {}, 0, 35, 0, 0, 0, 0, 0, 0, 0, 20, 0, 0, 0, 0, 0, 0, 30, 0, 0, 0, 0, 0, 0, 0, 0, 0);"
ENAKHRAS_LAMENT,MEMBERS,EXPERIENCED,MEDIUM,2,new Quest[] {},new String[] {},0,0,0,0,0,0,0,0,43,39,0,0,0,0,45,50,0,0,0,0,0,0,0,0,0,0,"ENAKHRAS_LAMENT.questRequirement.initReq(new Quest[] {}, new String[] {}, 0, 0, 0, 0, 0, 0, 0, 0, 43, 39, 0, 0, 0, 0, 45, 50, 0, 0, 0, 0, 0, 0, 0, 0, 0, 0);"
ENCHANTED_KEY,MINIQUEST,INTERMEDIATE,MEDIUM,0,new Quest[] {Quest.MAKING_HISTORY},new String[] {},0,0,0,0,0,0,0,0,0,0,0,0,0,0,0,0,0,0,0,0,0,0,0,0,0,0,"ENCHANTED_KEY.questRequirement.initReq(new Quest[] {Quest.MAKING_HISTORY}, new String[] {}, 0, 0, 0, 0, 0, 0, 0, 0, 0, 0, 0, 0, 0, 0, 0, 0, 0, 0, 0, 0, 0, 0, 0, 0, 0, 0);"
ENLIGHTENED_JOURNEY,MEMBERS,INTERMEDIATE,MEDIUM,1,new Quest[] {},new String[] {},20,0,0,0,0,0,0,0,0,0,0,0,0,0,20,36,0,0,0,0,0,0,30,0,0,0,"ENLIGHTENED_JOURNEY.questRequirement.initReq(new Quest[] {}, new String[] {}, 20, 0, 0, 0, 0, 0, 0, 0, 0, 0, 0, 0, 0, 0, 20, 36, 0, 0, 0, 0, 0, 0, 30, 0, 0, 0);"
ENTER_THE_ABYSS,MINIQUEST,NOVICE,SHORT,0,new Quest[] {Quest.RUNE_MYSTERIES},new String[] {},0,0,0,0,0,0,0,0,0,0,0,0,0,0,0,0,0,0,0,0,0,0,0,0,0,0,"ENTER_THE_ABYSS.questRequirement.initReq(new Quest[] {Quest.RUNE_MYSTERIES}, new String[] {}, 0, 0, 0, 0, 0, 0, 0, 0, 0, 0, 0, 0, 0, 0, 0, 0, 0, 0, 0, 0, 0, 0, 0, 0, 0, 0);"
ERNEST_THE_CHICKEN,FREE,NOVICE,SHORT,4,new Quest[] {},new String[] {},0,0,0,0,0,0,0,0,0,0,0,0,0,0,0,0,0,0,0,0,0,0,0,0,0,0,"ERNEST_THE_CHICKEN.questRequirement.initReq(new Quest[] {}, new String[] {}, 0, 0, 0, 0, 0, 0, 0, 0, 0, 0, 0, 0, 0, 0, 0, 0, 0, 0, 0, 0, 0, 0, 0, 0, 0, 0);"
FAIRYTALE_I_GROWING_PAINS,MEMBERS,EXPERIENCED,LONG,2,"new Quest[] {Quest.LOST_CITY, Quest.NATURE_SPIRIT}",new String[] {},0,111,0,0,0,0,0,0,0,0,0,0,0,0,0,0,0,0,0,0,0,0,0,0,0,0,"FAIRYTALE_I_GROWING_PAINS.questRequirement.initReq(new Quest[] {Quest.LOST_CITY, Quest.NATURE_SPIRIT}, new String[] {}, 0, 111, 0, 0, 0, 0, 0, 0, 0, 0, 0, 0, 0, 0, 0, 0, 0, 0, 0, 0, 0, 0, 0, 0, 0, 0);"
FAIRYTALE_II_CURE_A_QUEEN,MEMBERS,EXPERIENCED,MEDIUM,2,new Quest[] {Quest.FAIRYTALE_I_GROWING_PAINS},new String[] {},0,145,0,0,0,0,0,0,0,0,0,0,0,0,0,0,0,0,57,0,40,0,49,0,0,0,"FAIRYTALE_II_CURE_A_QUEEN.questRequirement.initReq(new Quest[] {Quest.FAIRYTALE_I_GROWING_PAINS}, new String[] {}, 0, 145, 0, 0, 0, 0, 0, 0, 0, 0, 0, 0, 0, 0, 0, 0, 0, 0, 57, 0, 40, 0, 49, 0, 0, 0);"
FAMILY_CREST,MEMBERS,EXPERIENCED,MEDIUM,1,new Quest[] {},new String[] {},0,170,0,0,0,0,0,0,0,59,0,0,0,0,0,40,40,40,0,0,0,0,0,0,0,0,"FAMILY_CREST.questRequirement.initReq(new Quest[] {}, new String[] {}, 0, 170, 0, 0, 0, 0, 0, 0, 0, 59, 0, 0, 0, 0, 0, 40, 40, 40, 0, 0, 0, 0, 0, 0, 0, 0);"
FAMILY_PEST,MINIQUEST,NOVICE,SHORT,0,new Quest[] {Quest.FAMILY_CREST},new String[] {},0,0,0,0,0,0,0,0,0,0,0,0,0,0,0,0,0,0,0,0,0,0,0,0,0,0,"FAMILY_PEST.questRequirement.initReq(new Quest[] {Quest.FAMILY_CREST}, new String[] {}, 0, 0, 0, 0, 0, 0, 0, 0, 0, 0, 0, 0, 0, 0, 0, 0, 0, 0, 0, 0, 0, 0, 0, 0, 0, 0);"
FIGHT_ARENA,MEMBERS,EXPERIENCED,SHORT,2,new Quest[] {},new String[] {},0,137,0,0,0,0,0,0,0,0,0,0,0,0,0,0,0,0,0,0,0,0,0,0,0,0,"FIGHT_ARENA.questRequirement.initReq(new Quest[] {}, new String[] {}, 0, 137, 0, 0, 0, 0, 0, 0, 0, 0, 0, 0, 0, 0, 0, 0, 0, 0, 0, 0, 0, 0, 0, 0, 0, 0);"
FISHING_CONTEST,MEMBERS,NOVICE,SHORT,1,new Quest[] {},new String[] {},0,0,0,0,0,0,0,0,0,0,0,0,0,10,0,0,0,0,0,0,0,0,0,0,0,0,"FISHING_CONTEST.questRequirement.initReq(new Quest[] {}, new String[] {}, 0, 0, 0, 0, 0, 0, 0, 0, 0, 0, 0, 0, 0, 10, 0, 0, 0, 0, 0, 0, 0, 0, 0, 0, 0, 0);"
FORGETTABLE_TALE,MEMBERS,INTERMEDIATE,LONG,2,"new Quest[] {Quest.THE_GIANT_DWARF, Quest.FISHING_CONTEST}",new String[] {},0,0,0,0,0,0,0,0,0,0,22,0,0,0,0,0,0,0,0,0,0,0,17,0,0,0,"FORGETTABLE_TALE.questRequirement.initReq(new Quest[] {Quest.THE_GIANT_DWARF, Quest.FISHING_CONTEST}, new String[] {}, 0, 0, 0, 0, 0, 0, 0, 0, 0, 0, 22, 0, 0, 0, 0, 0, 0, 0, 0, 0, 0, 0, 17, 0, 0, 0);"
GARDEN_OF_TRANQUILLITY,MEMBERS,INTERMEDIATE,LONG,2,new Quest[] {Quest.CREATURE_OF_FENKENSTRAIN},new String[] {},0,0,0,0,0,0,0,0,0,0,0,0,0,0,0,0,0,0,0,0,0,0,25,0,0,0,"GARDEN_OF_TRANQUILLITY.questRequirement.initReq(new Quest[] {Quest.CREATURE_OF_FENKENSTRAIN}, new String[] {}, 0, 0, 0, 0, 0, 0, 0, 0, 0, 0, 0, 0, 0, 0, 0, 0, 0, 0, 0, 0, 0, 0, 25, 0, 0, 0);"
GERTRUDES_CAT,MEMBERS,NOVICE,SHORT,1,new Quest[] {},new String[] {},0,0,0,0,0,0,0,0,0,0,0,0,0,0,0,0,0,0,0,0,0,0,0,0,0,0,"GERTRUDES_CAT.questRequirement.initReq(new Quest[] {}, new String[] {}, 0, 0, 0, 0, 0, 0, 0, 0, 0, 0, 0, 0, 0, 0, 0, 0, 0, 0, 0, 0, 0, 0, 0, 0, 0, 0);"
GHOSTS_AHOY,MEMBERS,INTERMEDIATE,LONG,2,"new Quest[] {Quest.PRIEST_IN_PERIL, Quest.THE_RESTLESS_GHOST}",new String[] {},0,32,0,0,0,0,0,0,0,0,20,0,0,0,0,0,0,0,0,25,0,0,0,0,0,0,"GHOSTS_AHOY.questRequirement.initReq(new Quest[] {Quest.PRIEST_IN_PERIL, Quest.THE_RESTLESS_GHOST}, new String[] {}, 0, 32, 0, 0, 0, 0, 0, 0, 0, 0, 20, 0, 0, 0, 0, 0, 0, 0, 0, 25, 0, 0, 0, 0, 0, 0);"
GOBLIN_DIPLOMACY,FREE,NOVICE,SHORT,5,new Quest[] {},new String[] {},0,0,0,0,0,0,0,0,0,0,0,0,0,0,0,0,0,0,0,0,0,0,0,0,0,0,"GOBLIN_DIPLOMACY.questRequirement.initReq(new Quest[] {}, new String[] {}, 0, 0, 0, 0, 0, 0, 0, 0, 0, 0, 0, 0, 0, 0, 0, 0, 0, 0, 0, 0, 0, 0, 0, 0, 0, 0);"
GRIM_TALES,MEMBERS,MASTER,MEDIUM,1,new Quest[] {Quest.WITCHS_HOUSE},new String[] {},0,138,0,0,0,0,0,0,0,0,0,71,0,0,0,0,0,0,52,59,58,0,45,0,0,0,"GRIM_TALES.questRequirement.initReq(new Quest[] {Quest.WITCHS_HOUSE}, new String[] {}, 0, 138, 0, 0, 0, 0, 0, 0, 0, 0, 0, 71, 0, 0, 0, 0, 0, 0, 52, 59, 58, 0, 45, 0, 0, 0);"
HAUNTED_MINE,MEMBERS,EXPERIENCED,LONG,2,new Quest[] {Quest.PRIEST_IN_PERIL},new String[] {},0,95,0,0,0,0,0,0,0,0,0,0,0,0,0,35,0,0,0,15,0,0,0,0,0,0,"HAUNTED_MINE.questRequirement.initReq(new Quest[] {Quest.PRIEST_IN_PERIL}, new String[] {}, 0, 95, 0, 0, 0, 0, 0, 0, 0, 0, 0, 0, 0, 0, 0, 35, 0, 0, 0, 15, 0, 0, 0, 0, 0, 0);"
HAZEEL_CULT,MEMBERS,NOVICE,SHORT,1,new Quest[] {},new String[] {},0,13,0,0,0,0,0,0,0,0,0,0,0,0,0,0,0,0,0,0,0,0,0,0,0,0,"HAZEEL_CULT.questRequirement.initReq(new Quest[] {}, new String[] {}, 0, 13, 0, 0, 0, 0, 0, 0, 0, 0, 0, 0, 0, 0, 0, 0, 0, 0, 0, 0, 0, 0, 0, 0, 0, 0);"
HEROES_QUEST,MEMBERS,EXPERIENCED,MEDIUM,1,"new Quest[] {Quest.SHIELD_OF_ARRAV, Quest.LOST_CITY, Quest.MERLINS_CRYSTAL, Quest.DRAGON_SLAYER}",new String[] {},55,111,0,0,0,0,0,0,0,0,53,0,0,53,0,0,0,50,25,0,0,0,0,0,0,0,"HEROES_QUEST.questRequirement.initReq(new Quest[] {Quest.SHIELD_OF_ARRAV, Quest.LOST_CITY, Quest.MERLINS_CRYSTAL, Quest.DRAGON_SLAYER}, new String[] {}, 55, 111, 0, 0, 0, 0, 0, 0, 0, 0, 53, 0, 0, 53, 0, 0, 0, 50, 25, 0, 0, 0, 0, 0, 0, 0);"
HOLY_GRAIL,MEMBERS,INTERMEDIATE,MEDIUM,2,new Quest[] {},new String[] {},0,120,0,20,0,0,0,0,0,0,0,0,0,0,0,0,0,0,0,0,0,0,0,0,0,0,"HOLY_GRAIL.questRequirement.initReq(new Quest[] {}, new String[] {}, 0, 120, 0, 20, 0, 0, 0, 0, 0, 0, 0, 0, 0, 0, 0, 0, 0, 0, 0, 0, 0, 0, 0, 0, 0, 0);"
HORROR_FROM_THE_DEEP,MEMBERS,EXPERIENCED,SHORT,2,new Quest[] {},new String[] {},0,100,0,0,0,0,0,0,0,0,0,0,0,0,0,0,0,0,0,35,0,0,0,0,0,0,"HORROR_FROM_THE_DEEP.questRequirement.initReq(new Quest[] {}, new String[] {}, 0, 100, 0, 0, 0, 0, 0, 0, 0, 0, 0, 0, 0, 0, 0, 0, 0, 0, 0, 35, 0, 0, 0, 0, 0, 0);"
ICTHLARINS_LITTLE_HELPER,MEMBERS,INTERMEDIATE,LONG,2,new Quest[] {Quest.GERTRUDES_CAT},new String[] {},0,91,0,0,0,0,0,0,0,0,0,0,0,0,0,0,0,0,0,0,0,0,0,0,0,0,"ICTHLARINS_LITTLE_HELPER.questRequirement.initReq(new Quest[] {Quest.GERTRUDES_CAT}, new String[] {}, 0, 91, 0, 0, 0, 0, 0, 0, 0, 0, 0, 0, 0, 0, 0, 0, 0, 0, 0, 0, 0, 0, 0, 0, 0, 0);"
IMP_CATCHER,FREE,NOVICE,SHORT,1,new Quest[] {},new String[] {},0,0,0,0,0,0,0,0,0,0,0,0,0,0,0,0,0,0,0,0,0,0,0,0,0,0,"IMP_CATCHER.questRequirement.initReq(new Quest[] {}, new String[] {}, 0, 0, 0, 0, 0, 0, 0, 0, 0, 0, 0, 0, 0, 0, 0, 0, 0, 0, 0, 0, 0, 0, 0, 0, 0, 0);"
IN_AID_OF_THE_MYREQUE,MEMBERS,INTERMEDIATE,LONG,2,"new Quest[] {Quest.IN_SEARCH_OF_THE_MYREQUE, Quest.NATURE_SPIRIT}",new String[] {},0,75,0,0,0,0,0,0,0,7,0,0,0,0,0,25,0,15,0,0,0,0,0,0,0,0,"IN_AID_OF_THE_MYREQUE.questRequirement.initReq(new Quest[] {Quest.IN_SEARCH_OF_THE_MYREQUE, Quest.NATURE_SPIRIT}, new String[] {}, 0, 75, 0, 0, 0, 0, 0, 0, 0, 7, 0, 0, 0, 0, 0, 25, 0, 15, 0, 0, 0, 0, 0, 0, 0, 0);"
IN_SEARCH_OF_THE_MYREQUE,MEMBERS,INTERMEDIATE,SHORT,2,new Quest[] {Quest.NATURE_SPIRIT},new String[] {},0,97,0,0,0,0,0,0,0,0,0,0,0,0,0,0,0,0,0,25,0,0,0,0,0,0,"IN_SEARCH_OF_THE_MYREQUE.questRequirement.initReq(new Quest[] {Quest.NATURE_SPIRIT}, new String[] {}, 0, 97, 0, 0, 0, 0, 0, 0, 0, 0, 0, 0, 0, 0, 0, 0, 0, 0, 0, 25, 0, 0, 0, 0, 0, 0);"
JUNGLE_POTION,MEMBERS,NOVICE,SHORT,1,new Quest[] {},new String[] {},0,0,0,0,0,0,0,0,0,0,0,0,0,0,0,0,0,0,3,0,0,0,0,0,0,0,"JUNGLE_POTION.questRequirement.initReq(new Quest[] {}, new String[] {}, 0, 0, 0, 0, 0, 0, 0, 0, 0, 0, 0, 0, 0, 0, 0, 0, 0, 0, 3, 0, 0, 0, 0, 0, 0, 0);"
KINGS_RANSOM,MEMBERS,EXPERIENCED,MEDIUM,1,"new Quest[] {Quest.MERLINS_CRYSTAL, Quest.HOLY_GRAIL, Quest.MURDER_MYSTERY, Quest.BLACK_KNIGHTS_FORTRESS, Quest.ONE_SMALL_FAVOUR}",new String[] {},0,0,0,0,65,0,0,0,0,45,0,0,0,0,0,0,0,0,0,0,0,0,0,0,0,0,"KINGS_RANSOM.questRequirement.initReq(new Quest[] {Quest.MERLINS_CRYSTAL, Quest.HOLY_GRAIL, Quest.MURDER_MYSTERY, Quest.BLACK_KNIGHTS_FORTRESS, Quest.ONE_SMALL_FAVOUR}, new String[] {}, 0, 0, 0, 0, 65, 0, 0, 0, 0, 45, 0, 0, 0, 0, 0, 0, 0, 0, 0, 0, 0, 0, 0, 0, 0, 0);"
LAIR_OF_TARN_RAZORLOR,MINIQUEST,EXPERIENCED,MEDIUM,0,new Quest[] {Quest.HAUNTED_MINE},new String[] {},0,69,0,0,0,0,0,0,0,0,0,0,0,0,0,0,0,0,0,0,0,40,0,0,0,0,"LAIR_OF_TARN_RAZORLOR.questRequirement.initReq(new Quest[] {Quest.HAUNTED_MINE}, new String[] {}, 0, 69, 0, 0, 0, 0, 0, 0, 0, 0, 0, 0, 0, 0, 0, 0, 0, 0, 0, 0, 0, 40, 0, 0, 0, 0);"
LEGENDS_QUEST,MEMBERS,MASTER,VERY_LONG,4,"new Quest[] {Quest.HEROES_QUEST, Quest.FAMILY_CREST, Quest.SHILO_VILLAGE, Quest.UNDERGROUND_PASS, Quest.WATERFALL_QUEST}",new String[] {},107,187,0,0,0,50,0,0,42,56,0,50,0,0,0,50,50,52,45,50,50,0,0,0,0,0,"LEGENDS_QUEST.questRequirement.initReq(new Quest[] {Quest.HEROES_QUEST, Quest.FAMILY_CREST, Quest.SHILO_VILLAGE, Quest.UNDERGROUND_PASS, Quest.WATERFALL_QUEST}, new String[] {}, 107, 187, 0, 0, 0, 50, 0, 0, 42, 56, 0, 50, 0, 0, 0, 50, 50, 52, 45, 50, 50, 0, 0, 0, 0, 0);"
LOST_CITY,MEMBERS,EXPERIENCED,SHORT,3,new Quest[] {},new String[] {},0,101,0,0,0,0,0,0,0,0,0,36,0,0,0,31,0,0,0,0,0,0,0,0,0,0,"LOST_CITY.questRequirement.initReq(new Quest[] {}, new String[] {}, 0, 101, 0, 0, 0, 0, 0, 0, 0, 0, 0, 36, 0, 0, 0, 31, 0, 0, 0, 0, 0, 0, 0, 0, 0, 0);"
LUNAR_DIPLOMACY,MEMBERS,EXPERIENCED,LONG,2,"new Quest[] {Quest.LOST_CITY, Quest.THE_FREMENNIK_TRIALS, Quest.RUNE_MYSTERIES, Quest.SHILO_VILLAGE}",new String[] {},0,111,0,0,40,0,0,0,0,65,0,55,0,0,49,61,0,60,5,0,0,0,0,0,0,0,"LUNAR_DIPLOMACY.questRequirement.initReq(new Quest[] {Quest.LOST_CITY, Quest.THE_FREMENNIK_TRIALS, Quest.RUNE_MYSTERIES, Quest.SHILO_VILLAGE}, new String[] {}, 0, 111, 0, 0, 40, 0, 0, 0, 0, 65, 0, 55, 0, 0, 49, 61, 0, 60, 5, 0, 0, 0, 0, 0, 0, 0);"
MAKING_HISTORY,MEMBERS,INTERMEDIATE,MEDIUM,3,"new Quest[] {Quest.PRIEST_IN_PERIL, Quest.THE_RESTLESS_GHOST}",new String[] {},0,0,0,0,0,0,0,0,0,0,0,0,0,0,0,0,0,0,0,0,0,0,0,0,0,0,"MAKING_HISTORY.questRequirement.initReq(new Quest[] {Quest.PRIEST_IN_PERIL, Quest.THE_RESTLESS_GHOST}, new String[] {}, 0, 0, 0, 0, 0, 0, 0, 0, 0, 0, 0, 0, 0, 0, 0, 0, 0, 0, 0, 0, 0, 0, 0, 0, 0, 0);"
MERLINS_CRYSTAL,MEMBERS,INTERMEDIATE,MEDIUM,6,new Quest[] {},new String[] {},0,39,0,0,0,0,0,0,0,0,0,0,0,0,0,0,0,0,0,0,0,0,0,0,0,0,"MERLINS_CRYSTAL.questRequirement.initReq(new Quest[] {}, new String[] {}, 0, 39, 0, 0, 0, 0, 0, 0, 0, 0, 0, 0, 0, 0, 0, 0, 0, 0, 0, 0, 0, 0, 0, 0, 0, 0);"
MISTHALIN_MYSTERY,FREE,NOVICE,MEDIUM,1,new Quest[] {},new String[] {},0,0,0,0,0,0,0,0,0,0,0,0,0,0,0,0,0,0,0,0,0,0,0,0,0,0,"MISTHALIN_MYSTERY.questRequirement.initReq(new Quest[] {}, new String[] {}, 0, 0, 0, 0, 0, 0, 0, 0, 0, 0, 0, 0, 0, 0, 0, 0, 0, 0, 0, 0, 0, 0, 0, 0, 0, 0);"
MONKEY_MADNESS_I,MEMBERS,MASTER,LONG,3,"new Quest[] {Quest.THE_GRAND_TREE, Quest.TREE_GNOME_VILLAGE}",new String[] {},0,195,0,0,0,0,0,0,0,0,0,0,0,0,0,0,0,0,0,0,0,0,0,0,0,0,"MONKEY_MADNESS_I.questRequirement.initReq(new Quest[] {Quest.THE_GRAND_TREE, Quest.TREE_GNOME_VILLAGE}, new String[] {}, 0, 195, 0, 0, 0, 0, 0, 0, 0, 0, 0, 0, 0, 0, 0, 0, 0, 0, 0, 0, 0, 0, 0, 0, 0, 0);"
MONKEY_MADNESS_II,MEMBERS,GRANDMASTER,VERY_LONG,4,"new Quest[] {Quest.ENLIGHTENED_JOURNEY, Quest.THE_EYES_OF_GLOUPHRIE, Quest.RECIPE_FOR_DISASTER, Quest.TROLL_STRONGHOLD, Quest.WATCHTOWER, Quest.MONKEY_MADNESS_I}",new String[] {},0,378,0,0,0,0,0,0,0,0,0,0,0,0,60,70,0,0,0,0,55,69,0,0,60,0,"MONKEY_MADNESS_II.questRequirement.initReq(new Quest[] {Quest.ENLIGHTENED_JOURNEY, Quest.THE_EYES_OF_GLOUPHRIE, Quest.RECIPE_FOR_DISASTER, Quest.TROLL_STRONGHOLD, Quest.WATCHTOWER, Quest.MONKEY_MADNESS_I}, new String[] {}, 0, 378, 0, 0, 0, 0, 0, 0, 0, 0, 0, 0, 0, 0, 60, 70, 0, 0, 0, 0, 55, 69, 0, 0, 60, 0);"
MONKS_FRIEND,MEMBERS,NOVICE,SHORT,1,new Quest[] {},new String[] {},0,0,0,0,0,0,0,0,0,0,0,0,0,0,0,0,0,0,0,0,0,0,0,0,0,0,"MONKS_FRIEND.questRequirement.initReq(new Quest[] {}, new String[] {}, 0, 0, 0, 0, 0, 0, 0, 0, 0, 0, 0, 0, 0, 0, 0, 0, 0, 0, 0, 0, 0, 0, 0, 0, 0, 0);"
MOUNTAIN_DAUGHTER,MEMBERS,INTERMEDIATE,MEDIUM,2,new Quest[] {},new String[] {},0,70,0,0,0,0,0,0,0,0,0,0,0,0,0,0,0,0,0,20,0,0,0,0,0,0,"MOUNTAIN_DAUGHTER.questRequirement.initReq(new Quest[] {}, new String[] {}, 0, 70, 0, 0, 0, 0, 0, 0, 0, 0, 0, 0, 0, 0, 0, 0, 0, 0, 0, 20, 0, 0, 0, 0, 0, 0);"
MOURNINGS_ENDS_PART_I,MEMBERS,MASTER,LONG,2,"new Quest[] {Quest.ROVING_ELVES, Quest.BIG_CHOMPY_BIRD_HUNTING, Quest.SHEEP_HERDER}",new String[] {},0,11,0,0,0,0,0,60,0,0,0,0,0,0,0,0,0,0,0,0,50,0,0,0,0,0,"MOURNINGS_ENDS_PART_I.questRequirement.initReq(new Quest[] {Quest.ROVING_ELVES, Quest.BIG_CHOMPY_BIRD_HUNTING, Quest.SHEEP_HERDER}, new String[] {}, 0, 11, 0, 0, 0, 0, 0, 60, 0, 0, 0, 0, 0, 0, 0, 0, 0, 0, 0, 0, 50, 0, 0, 0, 0, 0);"
MOURNINGS_ENDS_PART_II,MEMBERS,MASTER,VERY_LONG,2,new Quest[] {Quest.MOURNINGS_ENDS_PART_I},new String[] {},0,0,0,0,0,0,0,0,0,0,0,0,0,0,0,0,0,0,0,0,0,0,0,0,0,0,"MOURNINGS_ENDS_PART_II.questRequirement.initReq(new Quest[] {Quest.MOURNINGS_ENDS_PART_I}, new String[] {}, 0, 0, 0, 0, 0, 0, 0, 0, 0, 0, 0, 0, 0, 0, 0, 0, 0, 0, 0, 0, 0, 0, 0, 0, 0, 0);"
MURDER_MYSTERY,MEMBERS,NOVICE,SHORT,3,new Quest[] {},new String[] {},0,0,0,0,0,0,0,0,0,0,0,0,0,0,0,0,0,0,0,0,0,0,0,0,0,0,"MURDER_MYSTERY.questRequirement.initReq(new Quest[] {}, new String[] {}, 0, 0, 0, 0, 0, 0, 0, 0, 0, 0, 0, 0, 0, 0, 0, 0, 0, 0, 0, 0, 0, 0, 0, 0, 0, 0);"
MY_ARMS_BIG_ADVENTURE,MEMBERS,INTERMEDIATE,MEDIUM,1,"new Quest[] {Quest.EADGARS_RUSE, Quest.THE_FEUD, Quest.JUNGLE_POTION}",new String[] {},0,172,0,0,0,0,0,0,0,0,0,10,0,0,0,0,0,0,0,0,0,0,29,0,0,0,"MY_ARMS_BIG_ADVENTURE.questRequirement.initReq(new Quest[] {Quest.EADGARS_RUSE, Quest.THE_FEUD, Quest.JUNGLE_POTION}, new String[] {}, 0, 172, 0, 0, 0, 0, 0, 0, 0, 0, 0, 10, 0, 0, 0, 0, 0, 0, 0, 0, 0, 0, 29, 0, 0, 0);"
NATURE_SPIRIT,MEMBERS,NOVICE,MEDIUM,2,"new Quest[] {Quest.PRIEST_IN_PERIL, Quest.THE_RESTLESS_GHOST}",new String[] {},0,30,0,0,0,0,0,0,0,0,0,0,0,0,0,0,0,0,0,0,0,0,0,0,0,0,"NATURE_SPIRIT.questRequirement.initReq(new Quest[] {Quest.PRIEST_IN_PERIL, Quest.THE_RESTLESS_GHOST}, new String[] {}, 0, 30, 0, 0, 0, 0, 0, 0, 0, 0, 0, 0, 0, 0, 0, 0, 0, 0, 0, 0, 0, 0, 0, 0, 0, 0);"
OBSERVATORY_QUEST,MEMBERS,NOVICE,MEDIUM,2,new Quest[] {},new String[] {},0,42,0,0,0,0,0,0,0,0,0,0,0,0,0,10,0,0,0,0,0,0,0,0,0,0,"OBSERVATORY_QUEST.questRequirement.initReq(new Quest[] {}, new String[] {}, 0, 42, 0, 0, 0, 0, 0, 0, 0, 0, 0, 0, 0, 0, 0, 10, 0, 0, 0, 0, 0, 0, 0, 0, 0, 0);"
OLAFS_QUEST,MEMBERS,INTERMEDIATE,MEDIUM,1,new Quest[] {Quest.THE_FREMENNIK_TRIALS},new String[] {},0,100,0,0,0,0,0,0,0,0,0,50,0,0,40,0,0,0,0,0,0,0,0,0,0,0,"OLAFS_QUEST.questRequirement.initReq(new Quest[] {Quest.THE_FREMENNIK_TRIALS}, new String[] {}, 0, 100, 0, 0, 0, 0, 0, 0, 0, 0, 0, 50, 0, 0, 40, 0, 0, 0, 0, 0, 0, 0, 0, 0, 0, 0);"
ONE_SMALL_FAVOUR,MEMBERS,EXPERIENCED,LONG,2,"new Quest[] {Quest.RUNE_MYSTERIES, Quest.SHILO_VILLAGE, Quest.DRUIDIC_RITUAL}",new String[] {},0,92,0,0,0,0,0,0,0,0,0,0,0,0,0,25,30,0,18,36,0,0,0,0,0,0,"ONE_SMALL_FAVOUR.questRequirement.initReq(new Quest[] {Quest.RUNE_MYSTERIES, Quest.SHILO_VILLAGE, Quest.DRUIDIC_RITUAL}, new String[] {}, 0, 92, 0, 0, 0, 0, 0, 0, 0, 0, 0, 0, 0, 0, 0, 25, 30, 0, 18, 36, 0, 0, 0, 0, 0, 0);"
PIRATES_TREASURE,FREE,NOVICE,SHORT,2,new Quest[] {},new String[] {},0,0,0,0,0,0,0,0,0,0,0,0,0,0,0,0,0,0,0,0,0,0,0,0,0,0,"PIRATES_TREASURE.questRequirement.initReq(new Quest[] {}, new String[] {}, 0, 0, 0, 0, 0, 0, 0, 0, 0, 0, 0, 0, 0, 0, 0, 0, 0, 0, 0, 0, 0, 0, 0, 0, 0, 0);"
PLAGUE_CITY,MEMBERS,NOVICE,SHORT,1,new Quest[] {},new String[] {},0,0,0,0,0,0,0,0,0,0,0,0,0,0,0,0,0,0,0,0,0,0,0,0,0,0,"PLAGUE_CITY.questRequirement.initReq(new Quest[] {}, new String[] {}, 0, 0, 0, 0, 0, 0, 0, 0, 0, 0, 0, 0, 0, 0, 0, 0, 0, 0, 0, 0, 0, 0, 0, 0, 0, 0);"
PRIEST_IN_PERIL,MEMBERS,NOVICE,MEDIUM,1,new Quest[] {},new String[] {},0,30,0,0,0,0,0,0,0,0,0,0,0,0,0,0,0,0,0,0,0,0,0,0,0,0,"PRIEST_IN_PERIL.questRequirement.initReq(new Quest[] {}, new String[] {}, 0, 30, 0, 0, 0, 0, 0, 0, 0, 0, 0, 0, 0, 0, 0, 0, 0, 0, 0, 0, 0, 0, 0, 0, 0, 0);"
PRINCE_ALI_RESCUE,FREE,NOVICE,SHORT,3,new Quest[] {},new String[] {},0,0,0,0,0,0,0,0,0,0,0,0,0,0,0,0,0,0,0,0,0,0,0,0,0,0,"PRINCE_ALI_RESCUE.questRequirement.initReq(new Quest[] {}, new String[] {}, 0, 0, 0, 0, 0, 0, 0, 0, 0, 0, 0, 0, 0, 0, 0, 0, 0, 0, 0, 0, 0, 0, 0, 0, 0, 0);"
RAG_AND_BONE_MAN,MEMBERS,NOVICE,MEDIUM,1,new Quest[] {},new String[] {},0,27,0,0,0,0,0,0,0,0,0,0,0,0,0,0,0,0,0,0,0,0,0,0,0,0,"RAG_AND_BONE_MAN.questRequirement.initReq(new Quest[] {}, new String[] {}, 0, 27, 0, 0, 0, 0, 0, 0, 0, 0, 0, 0, 0, 0, 0, 0, 0, 0, 0, 0, 0, 0, 0, 0, 0, 0);"
RAG_AND_BONE_MAN_II,MEMBERS,INTERMEDIATE,LONG,1,"new Quest[] {Quest.RAG_AND_BONE_MAN, Quest.HORROR_FROM_THE_DEEP, Quest.SKIPPY_AND_THE_MOGRES}",new String[] {},0,88,0,0,0,0,0,0,0,0,0,0,0,0,0,0,0,0,0,0,0,0,0,0,0,0,"RAG_AND_BONE_MAN_II.questRequirement.initReq(new Quest[] {Quest.RAG_AND_BONE_MAN, Quest.HORROR_FROM_THE_DEEP, Quest.SKIPPY_AND_THE_MOGRES}, new String[] {}, 0, 88, 0, 0, 0, 0, 0, 0, 0, 0, 0, 0, 0, 0, 0, 0, 0, 0, 0, 0, 0, 0, 0, 0, 0, 0);"
RATCATCHERS,MEMBERS,INTERMEDIATE,LONG,2,new Quest[] {Quest.ICTHLARINS_LITTLE_HELPER},new String[] {},0,0,0,0,0,0,0,0,0,0,0,0,0,0,0,0,0,0,0,0,0,0,0,0,0,0,"RATCATCHERS.questRequirement.initReq(new Quest[] {Quest.ICTHLARINS_LITTLE_HELPER}, new String[] {}, 0, 0, 0, 0, 0, 0, 0, 0, 0, 0, 0, 0, 0, 0, 0, 0, 0, 0, 0, 0, 0, 0, 0, 0, 0, 0);"
RECIPE_FOR_DISASTER,MEMBERS,GRANDMASTER,VERY_LONG,10,"new Quest[] {Quest.COOKS_ASSISTANT, Quest.FISHING_CONTEST, Quest.GOBLIN_DIPLOMACY, Quest.BIG_CHOMPY_BIRD_HUNTING, Quest.MURDER_MYSTERY, Quest.NATURE_SPIRIT, Quest.WITCHS_HOUSE, Quest.GERTRUDES_CAT, Quest.SHADOW_OF_THE_STORM, Quest.FAMILY_CREST, Quest.HEROES_QUEST, Quest.SHILO_VILLAGE, Quest.UNDERGROUND_PASS, Quest.WATERFALL_QUEST, Quest.MONKEY_MADNESS_I, Quest.DESERT_TREASURE, Quest.HORROR_FROM_THE_DEEP}",new String[] {},175,227,0,0,0,0,0,30,0,59,70,36,5,53,50,40,0,50,25,48,53,10,0,0,0,0,"RECIPE_FOR_DISASTER.questRequirement.initReq(new Quest[] {Quest.COOKS_ASSISTANT, Quest.FISHING_CONTEST, Quest.GOBLIN_DIPLOMACY, Quest.BIG_CHOMPY_BIRD_HUNTING, Quest.MURDER_MYSTERY, Quest.NATURE_SPIRIT, Quest.WITCHS_HOUSE, Quest.GERTRUDES_CAT, Quest.SHADOW_OF_THE_STORM, Quest.FAMILY_CREST, Quest.HEROES_QUEST, Quest.SHILO_VILLAGE, Quest.UNDERGROUND_PASS, Quest.WATERFALL_QUEST, Quest.MONKEY_MADNESS_I, Quest.DESERT_TREASURE, Quest.HORROR_FROM_THE_DEEP}, new String[] {}, 175, 227, 0, 0, 0, 0, 0, 30, 0, 59, 70, 36, 5, 53, 50, 40, 0, 50, 25, 48, 53, 10, 0, 0, 0, 0);"
RECRUITMENT_DRIVE,MEMBERS,NOVICE,SHORT,1,"new Quest[] {Quest.BLACK_KNIGHTS_FORTRESS, Quest.DRUIDIC_RITUAL}",new String[] {},0,20,0,0,0,0,0,0,0,0,0,0,0,0,0,0,0,0,0,0,0,0,0,0,0,0,"RECRUITMENT_DRIVE.questRequirement.initReq(new Quest[] {Quest.BLACK_KNIGHTS_FORTRESS, Quest.DRUIDIC_RITUAL}, new String[] {}, 0, 20, 0, 0, 0, 0, 0, 0, 0, 0, 0, 0, 0, 0, 0, 0, 0, 0, 0, 0, 0, 0, 0, 0, 0, 0);"
REGICIDE,MEMBERS,MASTER,LONG,3,new Quest[] {Quest.UNDERGROUND_PASS},new String[] {},0,0,0,0,0,0,0,0,0,0,0,0,0,0,0,0,0,0,0,56,0,0,0,0,0,0,"REGICIDE.questRequirement.initReq(new Quest[] {Quest.UNDERGROUND_PASS}, new String[] {}, 0, 0, 0, 0, 0, 0, 0, 0, 0, 0, 0, 0, 0, 0, 0, 0, 0, 0, 0, 56, 0, 0, 0, 0, 0, 0);"
ROMEO_AND_JULIET,FREE,NOVICE,SHORT,5,new Quest[] {},new String[] {},0,0,0,0,0,0,0,0,0,0,0,0,0,0,0,0,0,0,0,0,0,0,0,0,0,0,"ROMEO_AND_JULIET.questRequirement.initReq(new Quest[] {}, new String[] {}, 0, 0, 0, 0, 0, 0, 0, 0, 0, 0, 0, 0, 0, 0, 0, 0, 0, 0, 0, 0, 0, 0, 0, 0, 0, 0);"
ROVING_ELVES,MEMBERS,MASTER,MEDIUM,1,"new Quest[] {Quest.REGICIDE, Quest.WATERFALL_QUEST}",new String[] {},0,84,0,0,0,0,0,0,0,0,0,0,0,0,0,0,0,0,0,0,0,0,0,0,0,0,"ROVING_ELVES.questRequirement.initReq(new Quest[] {Quest.REGICIDE, Quest.WATERFALL_QUEST}, new String[] {}, 0, 84, 0, 0, 0, 0, 0, 0, 0, 0, 0, 0, 0, 0, 0, 0, 0, 0, 0, 0, 0, 0, 0, 0, 0, 0);"
ROYAL_TROUBLE,MEMBERS,EXPERIENCED,MEDIUM,1,new Quest[] {Quest.THRONE_OF_MISCELLANIA},new String[] {},0,149,0,0,0,0,0,0,0,0,0,0,0,0,0,0,0,0,0,40,0,40,0,0,0,0,"ROYAL_TROUBLE.questRequirement.initReq(new Quest[] {Quest.THRONE_OF_MISCELLANIA}, new String[] {}, 0, 149, 0, 0, 0, 0, 0, 0, 0, 0, 0, 0, 0, 0, 0, 0, 0, 0, 0, 40, 0, 40, 0, 0, 0, 0);"
RUM_DEAL,MEMBERS,EXPERIENCED,MEDIUM,2,new Quest[] {Quest.ZOGRE_FLESH_EATERS},new String[] {},0,0,0,0,0,0,0,0,47,0,0,0,0,50,0,42,0,0,0,0,0,42,40,0,0,0,"RUM_DEAL.questRequirement.initReq(new Quest[] {Quest.ZOGRE_FLESH_EATERS}, new String[] {}, 0, 0, 0, 0, 0, 0, 0, 0, 47, 0, 0, 0, 0, 50, 0, 42, 0, 0, 0, 0, 0, 42, 40, 0, 0, 0);"
RUNE_MYSTERIES,FREE,NOVICE,SHORT,1,new Quest[] {},new String[] {},0,0,0,0,0,0,0,0,0,0,0,0,0,0,0,0,0,0,0,0,0,0,0,0,0,0,"RUNE_MYSTERIES.questRequirement.initReq(new Quest[] {}, new String[] {}, 0, 0, 0, 0, 0, 0, 0, 0, 0, 0, 0, 0, 0, 0, 0, 0, 0, 0, 0, 0, 0, 0, 0, 0, 0, 0);"
SCORPION_CATCHER,MEMBERS,INTERMEDIATE,SHORT,1,new Quest[] {Quest.ALFRED_GRIMHANDS_BARCRAWL},new String[] {},0,0,0,0,0,0,0,0,31,0,0,0,0,0,0,0,0,0,0,0,0,0,0,0,0,0,"SCORPION_CATCHER.questRequirement.initReq(new Quest[] {Quest.ALFRED_GRIMHANDS_BARCRAWL}, new String[] {}, 0, 0, 0, 0, 0, 0, 0, 0, 31, 0, 0, 0, 0, 0, 0, 0, 0, 0, 0, 0, 0, 0, 0, 0, 0, 0);"
SEA_SLUG,MEMBERS,INTERMEDIATE,SHORT,1,new Quest[] {},new String[] {},0,0,0,0,0,0,0,0,0,0,0,0,0,0,30,0,0,0,0,0,0,0,0,0,0,0,"SEA_SLUG.questRequirement.initReq(new Quest[] {}, new String[] {}, 0, 0, 0, 0, 0, 0, 0, 0, 0, 0, 0, 0, 0, 0, 30, 0, 0, 0, 0, 0, 0, 0, 0, 0, 0, 0);"
SHADES_OF_MORTTON,MEMBERS,INTERMEDIATE,SHORT,3,new Quest[] {},new String[] {},0,40,0,0,0,0,0,0,0,0,0,0,0,0,0,20,0,0,15,0,0,0,0,0,0,0,"SHADES_OF_MORTTON.questRequirement.initReq(new Quest[] {}, new String[] {}, 0, 40, 0, 0, 0, 0, 0, 0, 0, 0, 0, 0, 0, 0, 0, 20, 0, 0, 15, 0, 0, 0, 0, 0, 0, 0);"
SHADOW_OF_THE_STORM,MEMBERS,INTERMEDIATE,MEDIUM,1,"new Quest[] {Quest.DEMON_SLAYER, Quest.THE_GOLEM}",new String[] {},0,0,0,0,0,0,0,0,0,0,0,0,0,0,0,30,0,0,0,0,0,0,0,0,0,0,"SHADOW_OF_THE_STORM.questRequirement.initReq(new Quest[] {Quest.DEMON_SLAYER, Quest.THE_GOLEM}, new String[] {}, 0, 0, 0, 0, 0, 0, 0, 0, 0, 0, 0, 0, 0, 0, 0, 30, 0, 0, 0, 0, 0, 0, 0, 0, 0, 0);"
SHEEP_HERDER,MEMBERS,NOVICE,SHORT,4,new Quest[] {},new String[] {},0,0,0,0,0,0,0,0,0,0,0,0,0,0,0,0,0,0,0,0,0,0,0,0,0,0,"SHEEP_HERDER.questRequirement.initReq(new Quest[] {}, new String[] {}, 0, 0, 0, 0, 0, 0, 0, 0, 0, 0, 0, 0, 0, 0, 0, 0, 0, 0, 0, 0, 0, 0, 0, 0, 0, 0);"
SHEEP_SHEARER,FREE,NOVICE,SHORT,1,new Quest[] {},new String[] {},0,0,0,0,0,0,0,0,0,0,0,0,0,0,0,0,0,0,0,0,0,0,0,0,0,0,"SHEEP_SHEARER.questRequirement.initReq(new Quest[] {}, new String[] {}, 0, 0, 0, 0, 0, 0, 0, 0, 0, 0, 0, 0, 0, 0, 0, 0, 0, 0, 0, 0, 0, 0, 0, 0, 0, 0);"
SHIELD_OF_ARRAV,FREE,NOVICE,MEDIUM,1,new Quest[] {},new String[] {},0,0,0,0,0,0,0,0,0,0,0,0,0,0,0,0,0,0,0,0,0,0,0,0,0,0,"SHIELD_OF_ARRAV.questRequirement.initReq(new Quest[] {}, new String[] {}, 0, 0, 0, 0, 0, 0, 0, 0, 0, 0, 0, 0, 0, 0, 0, 0, 0, 0, 0, 0, 0, 0, 0, 0, 0, 0);"
SHILO_VILLAGE,MEMBERS,EXPERIENCED,LONG,2,new Quest[] {Quest.JUNGLE_POTION},new String[] {},0,93,0,0,0,0,0,0,0,0,0,0,0,0,0,20,0,0,0,32,0,0,0,0,0,0,"SHILO_VILLAGE.questRequirement.initReq(new Quest[] {Quest.JUNGLE_POTION}, new String[] {}, 0, 93, 0, 0, 0, 0, 0, 0, 0, 0, 0, 0, 0, 0, 0, 20, 0, 0, 0, 32, 0, 0, 0, 0, 0, 0);"
SKIPPY_AND_THE_MOGRES,MINIQUEST,NOVICE,SHORT,0,new Quest[] {},new String[] {},0,0,0,0,0,0,0,0,0,0,20,0,0,0,0,0,0,0,0,0,0,0,0,0,0,0,"SKIPPY_AND_THE_MOGRES.questRequirement.initReq(new Quest[] {}, new String[] {}, 0, 0, 0, 0, 0, 0, 0, 0, 0, 0, 20, 0, 0, 0, 0, 0, 0, 0, 0, 0, 0, 0, 0, 0, 0, 0);"
SPIRITS_OF_THE_ELID,MEMBERS,INTERMEDIATE,MEDIUM,2,new Quest[] {},new String[] {},0,75,0,0,0,0,0,37,0,33,0,0,0,0,0,0,0,37,0,0,37,0,0,0,0,0,"SPIRITS_OF_THE_ELID.questRequirement.initReq(new Quest[] {}, new String[] {}, 0, 75, 0, 0, 0, 0, 0, 37, 0, 33, 0, 0, 0, 0, 0, 0, 0, 37, 0, 0, 37, 0, 0, 0, 0, 0);"
SWAN_SONG,MEMBERS,MASTER,MEDIUM,2,"new Quest[] {Quest.ONE_SMALL_FAVOUR, Quest.GARDEN_OF_TRANQUILLITY}",new String[] {},100,170,0,0,0,0,0,0,0,66,62,0,0,62,42,40,45,0,0,0,0,0,0,0,0,0,"SWAN_SONG.questRequirement.initReq(new Quest[] {Quest.ONE_SMALL_FAVOUR, Quest.GARDEN_OF_TRANQUILLITY}, new String[] {}, 100, 170, 0, 0, 0, 0, 0, 0, 0, 66, 62, 0, 0, 62, 42, 40, 45, 0, 0, 0, 0, 0, 0, 0, 0, 0);"
TAI_BWO_WANNAI_TRIO,MEMBERS,INTERMEDIATE,LONG,2,new Quest[] {Quest.JUNGLE_POTION},new String[] {},0,53,0,0,0,0,0,0,0,0,30,0,0,5,0,0,0,0,0,15,0,0,0,0,0,0,"TAI_BWO_WANNAI_TRIO.questRequirement.initReq(new Quest[] {Quest.JUNGLE_POTION}, new String[] {}, 0, 53, 0, 0, 0, 0, 0, 0, 0, 0, 30, 0, 0, 5, 0, 0, 0, 0, 0, 15, 0, 0, 0, 0, 0, 0);"
TALE_OF_THE_RIGHTEOUS,MEMBERS,NOVICE,MEDIUM,1,new Quest[] {Quest.CLIENT_OF_KOUREND},"new String[] {""20% Shayzien House Favour""}",0,46,0,0,0,16,0,0,0,0,0,0,0,0,0,0,0,10,0,0,0,0,0,0,0,0,"TALE_OF_THE_RIGHTEOUS.questRequirement.initReq(new Quest[] {Quest.CLIENT_OF_KOUREND}, new String[] {""20% Shayzien House Favour""}, 0, 46, 0, 0, 0, 16, 0, 0, 0, 0, 0, 0, 0, 0, 0, 0, 0, 10, 0, 0, 0, 0, 0, 0, 0, 0);"
TEARS_OF_GUTHIX,MEMBERS,INTERMEDIATE,SHORT,1,new Quest[] {},new String[] {},43,0,0,0,0,0,0,0,0,0,0,0,0,0,49,20,0,20,0,0,0,0,0,0,0,0,"TEARS_OF_GUTHIX.questRequirement.initReq(new Quest[] {}, new String[] {}, 43, 0, 0, 0, 0, 0, 0, 0, 0, 0, 0, 0, 0, 0, 49, 20, 0, 20, 0, 0, 0, 0, 0, 0, 0, 0);"
TEMPLE_OF_IKOV,MEMBERS,EXPERIENCED,MEDIUM,1,new Quest[] {},new String[] {},0,0,0,0,0,0,0,40,0,0,0,0,0,0,0,0,0,0,0,0,42,0,0,0,0,0,"TEMPLE_OF_IKOV.questRequirement.initReq(new Quest[] {}, new String[] {}, 0, 0, 0, 0, 0, 0, 0, 40, 0, 0, 0, 0, 0, 0, 0, 0, 0, 0, 0, 0, 42, 0, 0, 0, 0, 0);"
THE_CORSAIR_CURSE,FREE,NOVICE,SHORT,2,new Quest[] {},new String[] {},0,35,0,0,0,0,0,0,0,0,0,0,0,0,0,0,0,0,0,0,0,0,0,0,0,0,"THE_CORSAIR_CURSE.questRequirement.initReq(new Quest[] {}, new String[] {}, 0, 35, 0, 0, 0, 0, 0, 0, 0, 0, 0, 0, 0, 0, 0, 0, 0, 0, 0, 0, 0, 0, 0, 0, 0, 0);"
THE_DEPTHS_OF_DESPAIR,MEMBERS,NOVICE,SHORT,1,new Quest[] {Quest.CLIENT_OF_KOUREND},"new String[] {""20% Hosidius House Favour""}",0,36,0,0,0,0,0,0,0,0,0,0,0,0,0,0,0,0,0,18,0,0,0,0,0,0,"THE_DEPTHS_OF_DESPAIR.questRequirement.initReq(new Quest[] {Quest.CLIENT_OF_KOUREND}, new String[] {""20% Hosidius House Favour""}, 0, 36, 0, 0, 0, 0, 0, 0, 0, 0, 0, 0, 0, 0, 0, 0, 0, 0, 0, 18, 0, 0, 0, 0, 0, 0);"
THE_DIG_SITE,MEMBERS,INTERMEDIATE,MEDIUM,2,new Quest[] {},new String[] {},0,0,0,0,0,0,0,0,0,0,0,0,0,0,0,0,0,0,10,10,25,0,0,0,0,0,"THE_DIG_SITE.questRequirement.initReq(new Quest[] {}, new String[] {}, 0, 0, 0, 0, 0, 0, 0, 0, 0, 0, 0, 0, 0, 0, 0, 0, 0, 0, 10, 10, 25, 0, 0, 0, 0, 0);"
THE_EYES_OF_GLOUPHRIE,MEMBERS,INTERMEDIATE,MEDIUM,2,new Quest[] {Quest.THE_GRAND_TREE},new String[] {},0,0,0,0,0,0,0,0,0,46,0,0,0,0,0,0,0,0,0,0,0,0,0,0,0,5,"THE_EYES_OF_GLOUPHRIE.questRequirement.initReq(new Quest[] {Quest.THE_GRAND_TREE}, new String[] {}, 0, 0, 0, 0, 0, 0, 0, 0, 0, 46, 0, 0, 0, 0, 0, 0, 0, 0, 0, 0, 0, 0, 0, 0, 0, 5);"
THE_FEUD,MEMBERS,INTERMEDIATE,MEDIUM,1,new Quest[] {},new String[] {},0,75,0,0,0,0,0,0,0,0,0,0,0,0,0,0,0,0,0,0,30,0,0,0,0,0,"THE_FEUD.questRequirement.initReq(new Quest[] {}, new String[] {}, 0, 75, 0, 0, 0, 0, 0, 0, 0, 0, 0, 0, 0, 0, 0, 0, 0, 0, 0, 0, 30, 0, 0, 0, 0, 0);"
THE_FREMENNIK_ISLES,MEMBERS,EXPERIENCED,LONG,1,new Quest[] {Quest.THE_FREMENNIK_TRIALS},new String[] {},0,122,0,0,0,0,0,0,0,0,0,56,0,0,0,46,0,0,0,40,0,0,0,0,0,20,"THE_FREMENNIK_ISLES.questRequirement.initReq(new Quest[] {Quest.THE_FREMENNIK_TRIALS}, new String[] {}, 0, 122, 0, 0, 0, 0, 0, 0, 0, 0, 0, 56, 0, 0, 0, 46, 0, 0, 0, 40, 0, 0, 0, 0, 0, 20);"
THE_FREMENNIK_TRIALS,MEMBERS,INTERMEDIATE,LONG,3,new Quest[] {},new String[] {},0,69,0,0,0,0,0,0,0,0,0,40,25,0,0,40,0,0,0,0,0,0,0,0,0,0,"THE_FREMENNIK_TRIALS.questRequirement.initReq(new Quest[] {}, new String[] {}, 0, 69, 0, 0, 0, 0, 0, 0, 0, 0, 0, 40, 25, 0, 0, 40, 0, 0, 0, 0, 0, 0, 0, 0, 0, 0);"
THE_GENERALS_SHADOW,MINIQUEST,EXPERIENCED,MEDIUM,0,"new Quest[] {Quest.CURSE_OF_THE_EMPTY_LORD, Quest.FIGHT_ARENA}",new String[] {},0,160,0,0,0,0,0,0,0,0,0,0,0,0,0,0,0,0,0,0,0,0,0,0,0,0,"THE_GENERALS_SHADOW.questRequirement.initReq(new Quest[] {Quest.CURSE_OF_THE_EMPTY_LORD, Quest.FIGHT_ARENA}, new String[] {}, 0, 160, 0, 0, 0, 0, 0, 0, 0, 0, 0, 0, 0, 0, 0, 0, 0, 0, 0, 0, 0, 0, 0, 0, 0, 0);"
THE_GIANT_DWARF,MEMBERS,INTERMEDIATE,LONG,2,new Quest[] {},new String[] {},0,0,0,0,0,0,0,0,0,33,0,0,0,0,16,12,0,0,0,0,14,0,0,0,0,0,"THE_GIANT_DWARF.questRequirement.initReq(new Quest[] {}, new String[] {}, 0, 0, 0, 0, 0, 0, 0, 0, 0, 33, 0, 0, 0, 0, 16, 12, 0, 0, 0, 0, 14, 0, 0, 0, 0, 0);"
THE_GOLEM,MEMBERS,INTERMEDIATE,MEDIUM,1,new Quest[] {},new String[] {},0,0,0,0,0,0,0,0,0,0,0,0,0,0,0,20,0,0,0,0,25,0,0,0,0,0,"THE_GOLEM.questRequirement.initReq(new Quest[] {}, new String[] {}, 0, 0, 0, 0, 0, 0, 0, 0, 0, 0, 0, 0, 0, 0, 0, 20, 0, 0, 0, 0, 25, 0, 0, 0, 0, 0);"
THE_GRAND_TREE,MEMBERS,EXPERIENCED,LONG,5,new Quest[] {},new String[] {},0,172,0,0,0,0,0,0,0,0,0,0,0,0,0,0,0,0,0,25,0,0,0,0,0,0,"THE_GRAND_TREE.questRequirement.initReq(new Quest[] {}, new String[] {}, 0, 172, 0, 0, 0, 0, 0, 0, 0, 0, 0, 0, 0, 0, 0, 0, 0, 0, 0, 25, 0, 0, 0, 0, 0, 0);"
THE_GREAT_BRAIN_ROBBERY,MEMBERS,EXPERIENCED,MEDIUM,2,"new Quest[] {Quest.CREATURE_OF_FENKENSTRAIN, Quest.RUM_DEAL, Quest.CABIN_FEVER}",new String[] {},0,190,0,0,0,0,0,0,50,0,0,0,0,0,0,16,0,0,0,0,0,0,0,0,0,30,"THE_GREAT_BRAIN_ROBBERY.questRequirement.initReq(new Quest[] {Quest.CREATURE_OF_FENKENSTRAIN, Quest.RUM_DEAL, Quest.CABIN_FEVER}, new String[] {}, 0, 190, 0, 0, 0, 0, 0, 0, 50, 0, 0, 0, 0, 0, 0, 16, 0, 0, 0, 0, 0, 0, 0, 0, 0, 30);"
THE_HAND_IN_THE_SAND,MEMBERS,INTERMEDIATE,MEDIUM,1,new Quest[] {},new String[] {},0,0,0,0,0,0,0,0,0,0,0,0,0,0,0,49,0,0,0,0,17,0,0,0,0,0,"THE_HAND_IN_THE_SAND.questRequirement.initReq(new Quest[] {}, new String[] {}, 0, 0, 0, 0, 0, 0, 0, 0, 0, 0, 0, 0, 0, 0, 0, 49, 0, 0, 0, 0, 17, 0, 0, 0, 0, 0);"
THE_KNIGHTS_SWORD,FREE,INTERMEDIATE,MEDIUM,1,new Quest[] {},new String[] {},0,0,0,0,0,0,0,0,0,0,0,0,0,0,0,0,0,10,0,0,0,0,0,0,0,0,"THE_KNIGHTS_SWORD.questRequirement.initReq(new Quest[] {}, new String[] {}, 0, 0, 0, 0, 0, 0, 0, 0, 0, 0, 0, 0, 0, 0, 0, 0, 0, 10, 0, 0, 0, 0, 0, 0, 0, 0);"
THE_LOST_TRIBE,MEMBERS,INTERMEDIATE,MEDIUM,1,"new Quest[] {Quest.GOBLIN_DIPLOMACY, Quest.RUNE_MYSTERIES}",new String[] {},0,0,0,0,0,0,0,0,0,0,0,0,0,0,0,0,0,17,0,13,13,0,0,0,0,0,"THE_LOST_TRIBE.questRequirement.initReq(new Quest[] {Quest.GOBLIN_DIPLOMACY, Quest.RUNE_MYSTERIES}, new String[] {}, 0, 0, 0, 0, 0, 0, 0, 0, 0, 0, 0, 0, 0, 0, 0, 0, 0, 17, 0, 13, 13, 0, 0, 0, 0, 0);"
THE_MAGE_ARENA,MINIQUEST,INTERMEDIATE,MEDIUM,0,new Quest[] {},new String[] {},0,112,0,0,0,0,0,0,0,60,0,0,0,0,0,0,0,0,0,0,0,0,0,0,0,0,"THE_MAGE_ARENA.questRequirement.initReq(new Quest[] {}, new String[] {}, 0, 112, 0, 0, 0, 0, 0, 0, 0, 60, 0, 0, 0, 0, 0, 0, 0, 0, 0, 0, 0, 0, 0, 0, 0, 0);"
THE_MAGE_ARENA_II,MINIQUEST,EXPERIENCED,MEDIUM,0,new Quest[] {Quest.THE_MAGE_ARENA},"new String[] {""Unlocked Claws of Guthix"", ""Unlocked Saradomin Strike"", ""Unlocked Flames of Zamorak""}",0,348,0,0,0,0,0,0,0,75,0,0,0,0,0,0,0,0,0,0,0,0,0,0,0,0,"THE_MAGE_ARENA_II.questRequirement.initReq(new Quest[] {Quest.THE_MAGE_ARENA}, new String[] {""Unlocked Claws of Guthix"", ""Unlocked Saradomin Strike"", ""Unlocked Flames of Zamorak""}, 0, 348, 0, 0, 0, 0, 0, 0, 0, 75, 0, 0, 0, 0, 0, 0, 0, 0, 0, 0, 0, 0, 0, 0, 0, 0);"
THE_QUEEN_OF_THIEVES,MEMBERS,NOVICE,SHORT,1,new Quest[] {Quest.CLIENT_OF_KOUREND},"new String[] {""20% Piscarilius House Favour""}",0,0,0,0,0,0,0,0,0,0,0,0,0,0,0,0,0,0,0,0,20,0,0,0,0,0,"THE_QUEEN_OF_THIEVES.questRequirement.initReq(new Quest[] {Quest.CLIENT_OF_KOUREND}, new String[] {""20% Piscarilius House Favour""}, 0, 0, 0, 0, 0, 0, 0, 0, 0, 0, 0, 0, 0, 0, 0, 0, 0, 0, 0, 0, 20, 0, 0, 0, 0, 0);"
THE_RESTLESS_GHOST,FREE,NOVICE,SHORT,1,new Quest[] {},new String[] {},0,0,0,0,0,0,0,0,0,0,0,0,0,0,0,0,0,0,0,0,0,0,0,0,0,0,"THE_RESTLESS_GHOST.questRequirement.initReq(new Quest[] {}, new String[] {}, 0, 0, 0, 0, 0, 0, 0, 0, 0, 0, 0, 0, 0, 0, 0, 0, 0, 0, 0, 0, 0, 0, 0, 0, 0, 0);"
THE_SLUG_MENACE,MEMBERS,INTERMEDIATE,MEDIUM,1,"new Quest[] {Quest.SEA_SLUG, Quest.WANTED}",new String[] {},0,62,0,0,0,0,0,0,0,0,0,0,0,0,0,30,0,0,0,0,30,30,0,30,0,0,"THE_SLUG_MENACE.questRequirement.initReq(new Quest[] {Quest.SEA_SLUG, Quest.WANTED}, new String[] {}, 0, 62, 0, 0, 0, 0, 0, 0, 0, 0, 0, 0, 0, 0, 0, 30, 0, 0, 0, 0, 30, 30, 0, 30, 0, 0);"
THE_TOURIST_TRAP,MEMBERS,INTERMEDIATE,MEDIUM,2,new Quest[] {},new String[] {},0,47,0,0,0,0,0,0,0,0,0,0,10,0,0,0,20,0,0,0,0,0,0,0,0,0,"THE_TOURIST_TRAP.questRequirement.initReq(new Quest[] {}, new String[] {}, 0, 47, 0, 0, 0, 0, 0, 0, 0, 0, 0, 0, 10, 0, 0, 0, 20, 0, 0, 0, 0, 0, 0, 0, 0, 0);"
THRONE_OF_MISCELLANIA,MEMBERS,EXPERIENCED,MEDIUM,1,"new Quest[] {Quest.HEROES_QUEST, Quest.THE_FREMENNIK_TRIALS}",new String[] {},0,0,0,0,0,0,0,0,0,0,0,0,0,0,0,0,0,0,0,0,0,0,0,0,0,0,"THRONE_OF_MISCELLANIA.questRequirement.initReq(new Quest[] {Quest.HEROES_QUEST, Quest.THE_FREMENNIK_TRIALS}, new String[] {}, 0, 0, 0, 0, 0, 0, 0, 0, 0, 0, 0, 0, 0, 0, 0, 0, 0, 0, 0, 0, 0, 0, 0, 0, 0, 0);"
TOWER_OF_LIFE,MEMBERS,NOVICE,MEDIUM,2,new Quest[] {},new String[] {},0,0,0,0,0,0,0,0,0,0,0,0,0,0,0,0,0,0,0,0,0,0,0,0,0,10,"TOWER_OF_LIFE.questRequirement.initReq(new Quest[] {}, new String[] {}, 0, 0, 0, 0, 0, 0, 0, 0, 0, 0, 0, 0, 0, 0, 0, 0, 0, 0, 0, 0, 0, 0, 0, 0, 0, 10);"
TREE_GNOME_VILLAGE,MEMBERS,INTERMEDIATE,MEDIUM,2,new Quest[] {},new String[] {},0,112,0,0,0,0,0,0,0,0,0,0,0,0,0,0,0,0,0,0,0,0,0,0,0,0,"TREE_GNOME_VILLAGE.questRequirement.initReq(new Quest[] {}, new String[] {}, 0, 112, 0, 0, 0, 0, 0, 0, 0, 0, 0, 0, 0, 0, 0, 0, 0, 0, 0, 0, 0, 0, 0, 0, 0, 0);"
TRIBAL_TOTEM,MEMBERS,INTERMEDIATE,SHORT,1,new Quest[] {},new String[] {},0,0,0,0,0,0,0,0,0,0,0,0,0,0,0,0,0,0,0,0,21,0,0,0,0,0,"TRIBAL_TOTEM.questRequirement.initReq(new Quest[] {}, new String[] {}, 0, 0, 0, 0, 0, 0, 0, 0, 0, 0, 0, 0, 0, 0, 0, 0, 0, 0, 0, 0, 21, 0, 0, 0, 0, 0);"
TROLL_ROMANCE,MEMBERS,EXPERIENCED,MEDIUM,2,new Quest[] {Quest.TROLL_STRONGHOLD},new String[] {},0,113,0,0,0,0,0,0,0,0,0,0,0,0,0,0,0,0,0,28,0,0,0,0,0,0,"TROLL_ROMANCE.questRequirement.initReq(new Quest[] {Quest.TROLL_STRONGHOLD}, new String[] {}, 0, 113, 0, 0, 0, 0, 0, 0, 0, 0, 0, 0, 0, 0, 0, 0, 0, 0, 0, 28, 0, 0, 0, 0, 0, 0);"
TROLL_STRONGHOLD,MEMBERS,EXPERIENCED,SHORT,1,new Quest[] {Quest.DEATH_PLATEAU},new String[] {},0,113,0,0,0,0,0,0,0,0,0,0,0,0,0,0,0,0,0,15,0,0,0,0,0,0,"TROLL_STRONGHOLD.questRequirement.initReq(new Quest[] {Quest.DEATH_PLATEAU}, new String[] {}, 0, 113, 0, 0, 0, 0, 0, 0, 0, 0, 0, 0, 0, 0, 0, 0, 0, 0, 0, 15, 0, 0, 0, 0, 0, 0);"
UNDERGROUND_PASS,MEMBERS,EXPERIENCED,LONG,5,new Quest[] {Quest.BIOHAZARD},new String[] {},0,91,0,0,0,0,0,25,0,0,0,0,0,0,0,0,0,0,0,0,0,0,0,0,0,0,"UNDERGROUND_PASS.questRequirement.initReq(new Quest[] {Quest.BIOHAZARD}, new String[] {}, 0, 91, 0, 0, 0, 0, 0, 25, 0, 0, 0, 0, 0, 0, 0, 0, 0, 0, 0, 0, 0, 0, 0, 0, 0, 0);"
UNKNOWN,UNKNOWN,UNKNOWN,UNKNOWN,0,new Quest[] {},new String[] {},0,0,0,0,0,0,0,0,0,0,0,0,0,0,0,0,0,0,0,0,0,0,0,0,0,0,"UNKNOWN.questRequirement.initReq(new Quest[] {}, new String[] {}, 0, 0, 0, 0, 0, 0, 0, 0, 0, 0, 0, 0, 0, 0, 0, 0, 0, 0, 0, 0, 0, 0, 0, 0, 0, 0);"
VAMPIRE_SLAYER,FREE,NOVICE,SHORT,3,new Quest[] {},new String[] {},0,34,0,0,0,0,0,0,0,0,0,0,0,0,0,0,0,0,0,0,0,0,0,0,0,0,"VAMPIRE_SLAYER.questRequirement.initReq(new Quest[] {}, new String[] {}, 0, 34, 0, 0, 0, 0, 0, 0, 0, 0, 0, 0, 0, 0, 0, 0, 0, 0, 0, 0, 0, 0, 0, 0, 0, 0);"
WANTED,MEMBERS,INTERMEDIATE,LONG,1,"new Quest[] {Quest.RECRUITMENT_DRIVE, Quest.THE_LOST_TRIBE, Quest.RUNE_MYSTERIES, Quest.PRIEST_IN_PERIL}",new String[] {},32,33,0,0,0,0,0,0,0,0,0,0,0,0,0,0,0,0,0,0,0,0,0,0,0,0,"WANTED.questRequirement.initReq(new Quest[] {Quest.RECRUITMENT_DRIVE, Quest.THE_LOST_TRIBE, Quest.RUNE_MYSTERIES, Quest.PRIEST_IN_PERIL}, new String[] {}, 32, 33, 0, 0, 0, 0, 0, 0, 0, 0, 0, 0, 0, 0, 0, 0, 0, 0, 0, 0, 0, 0, 0, 0, 0, 0);"
WATCHTOWER,MEMBERS,INTERMEDIATE,LONG,4,new Quest[] {Quest.DRUIDIC_RITUAL},new String[] {},0,68,0,0,0,0,0,0,0,15,0,0,0,0,0,0,0,40,14,25,15,0,0,0,0,0,"WATCHTOWER.questRequirement.initReq(new Quest[] {Quest.DRUIDIC_RITUAL}, new String[] {}, 0, 68, 0, 0, 0, 0, 0, 0, 0, 15, 0, 0, 0, 0, 0, 0, 0, 40, 14, 25, 15, 0, 0, 0, 0, 0);"
WATERFALL_QUEST,MEMBERS,INTERMEDIATE,MEDIUM,1,new Quest[] {},new String[] {},0,84,0,0,0,0,0,0,0,0,0,0,0,0,0,0,0,0,0,0,0,0,0,0,0,0,"WATERFALL_QUEST.questRequirement.initReq(new Quest[] {}, new String[] {}, 0, 84, 0, 0, 0, 0, 0, 0, 0, 0, 0, 0, 0, 0, 0, 0, 0, 0, 0, 0, 0, 0, 0, 0, 0, 0);"
WHAT_LIES_BELOW,MEMBERS,INTERMEDIATE,MEDIUM,1,new Quest[] {Quest.RUNE_MYSTERIES},new String[] {},0,47,0,0,0,0,0,0,0,0,0,0,0,0,0,0,0,0,0,0,0,0,0,35,0,0,"WHAT_LIES_BELOW.questRequirement.initReq(new Quest[] {Quest.RUNE_MYSTERIES}, new String[] {}, 0, 47, 0, 0, 0, 0, 0, 0, 0, 0, 0, 0, 0, 0, 0, 0, 0, 0, 0, 0, 0, 0, 0, 35, 0, 0);"
WITCHS_HOUSE,MEMBERS,INTERMEDIATE,SHORT,4,new Quest[] {},new String[] {},0,53,0,0,0,0,0,0,0,0,0,0,0,0,0,0,0,0,0,0,0,0,0,0,0,0,"WITCHS_HOUSE.questRequirement.initReq(new Quest[] {}, new String[] {}, 0, 53, 0, 0, 0, 0, 0, 0, 0, 0, 0, 0, 0, 0, 0, 0, 0, 0, 0, 0, 0, 0, 0, 0, 0, 0);"
WITCHS_POTION,FREE,NOVICE,SHORT,1,new Quest[] {},new String[] {},0,0,0,0,0,0,0,0,0,0,0,0,0,0,0,0,0,0,0,0,0,0,0,0,0,0,"WITCHS_POTION.questRequirement.initReq(new Quest[] {}, new String[] {}, 0, 0, 0, 0, 0, 0, 0, 0, 0, 0, 0, 0, 0, 0, 0, 0, 0, 0, 0, 0, 0, 0, 0, 0, 0, 0);"
ZOGRE_FLESH_EATERS,MEMBERS,INTERMEDIATE,MEDIUM,1,"new Quest[] {Quest.JUNGLE_POTION, Quest.BIG_CHOMPY_BIRD_HUNTING}",new String[] {},0,111,0,0,0,10,0,30,0,0,0,0,30,0,0,0,4,0,8,0,0,0,0,0,0,0,"ZOGRE_FLESH_EATERS.questRequirement.initReq(new Quest[] {Quest.JUNGLE_POTION, Quest.BIG_CHOMPY_BIRD_HUNTING}, new String[] {}, 0, 111, 0, 0, 0, 10, 0, 30, 0, 0, 0, 0, 30, 0, 0, 0, 4, 0, 8, 0, 0, 0, 0, 0, 0, 0);"
